id,firstname,lastname,email,profession,password
100,Marinna,Hessler,Marinna.Hessler@mymail.com,firefighter,449021109
101,Penelopa,Cottle,Penelopa.Cottle@mymail.com,police officer,987932475
102,Frank,Tiffa,Frank.Tiffa@mymail.com,doctor,591652285
103,Nelle,Burnside,Nelle.Burnside@mymail.com,developer,266026803
104,Briney,Wenda,Briney.Wenda@mymail.com,developer,791012993
105,Leona,Hartnett,Leona.Hartnett@mymail.com,firefighter,791982231
106,Nelle,Lipson,Nelle.Lipson@mymail.com,worker,129563632
107,Kaia,Sabella,Kaia.Sabella@mymail.com,developer,420634958
108,Brandise,Pulsifer,Brandise.Pulsifer@mymail.com,developer,170117025
